Id,Geometry,City
Store 1,POINT (2.1585725 41.4025115),Barcelona
Store 2,POINT (2.1671991 41.3753821),Barcelona
Store 3,POINT (2.131757 41.3680259),Barcelona
Store 4,POINT (2.1619319 41.3850083),Barcelona
Store 5,POINT (2.1459972 41.3782854),Barcelona
Store 6,POINT (2.1842705 41.396464),Barcelona
Store 7,POINT (2.1342395 41.4064351),Barcelona
Store 8,POINT (2.137139 41.3891091),Barcelona
Store 9,POINT (2.1700568 41.4137483),Barcelona
Store10,POINT (2.1257561 41.3795126),Barcelona